,Purchase_Amount,Purchase_Amount,Customer_Satisfaction
,mean,count,mean
Device_Used_for_Shopping,,,
Desktop,266.69854285714285,350,5.285714285714286
Smartphone,282.0501286173633,311,5.353697749196141
Tablet,277.2914454277286,339,5.557522123893805
