,Purchase_Amount,Purchase_Amount,Purchase_Amount,Customer_Satisfaction,Return_Rate
,mean,sum,count,mean,mean
Purchase_Channel,,,,,
In-Store,270.8444478527607,88295.29,326,5.2392638036809815,0.9478527607361963
Mixed,279.89517647058824,95164.36,340,5.379411764705883,0.9441176470588235
Online,274.2641616766467,91604.23,334,5.574850299401198,0.9700598802395209
